image,object_id,model,class_id,class_name,score,label_error,x1,y1,x2,y2,x3,y3,x4,y4
harbor_ships.jpg,0,2,1,ship,0.649,0.077,833.0,533.4,835.0,514.3,893.4,515.2,895.1,534.4
harbor_ships.jpg,0,3,1,ship,0.673,0.0629,834.0,533.8,835.6,515.8,893.5,515.1,894.9,535.6
harbor_ships.jpg,0,4,1,ship,0.782,0.0504,832.9,537.2,834.0,520.0,892.1,517.2,891.7,538.4
harbor_ships.jpg,1,0,1,ship,0.769,0.048,838.3,462.9,838.1,445.9,893.8,445.9,892.6,464.8
harbor_ships.jpg,1,1,1,ship,0.525,0.093,838.5,459.7,837.2,442.8,894.3,442.3,892.8,460.5
harbor_ships.jpg,1,2,1,ship,0.803,0.0339,838.9,463.5,836.9,445.3,893.0,445.6,890.0,463.7
harbor_ships.jpg,1,4,1,ship,0.859,0.0258,839.3,461.8,837.8,445.8,892.3,445.6,891.0,463.8
harbor_ships.jpg,2,0,1,ship,0.825,0.0295,832.5,438.5,832.5,418.2,889.2,421.6,888.6,441.3
harbor_ships.jpg,2,1,1,ship,0.748,0.053,831.1,440.5,830.6,420.5,888.6,423.4,889.3,440.0
harbor_ships.jpg,2,2,1,ship,0.832,0.0347,830.9,437.3,831.8,418.4,890.3,422.8,889.1,438.2
harbor_ships.jpg,2,3,1,ship,0.805,0.0428,833.1,440.2,833.8,419.6,889.7,422.9,888.9,440.4
harbor_ships.jpg,2,4,1,ship,0.634,0.0748,830.7,436.4,832.5,419.0,892.6,420.5,887.7,435.9
harbor_ships.jpg,3,1,1,ship,0.795,0.0469,835.0,414.2,834.8,393.8,890.3,397.3,891.5,414.5
harbor_ships.jpg,3,2,1,ship,0.645,0.0701,833.4,410.8,837.4,391.7,891.2,393.6,890.3,411.8
harbor_ships.jpg,3,4,1,ship,0.799,0.042,835.4,411.7,834.8,391.9,891.1,396.7,890.1,412.0
harbor_ships.jpg,4,0,1,ship,0.54,0.0853,834.8,391.8,834.2,374.8,896.4,375.9,893.2,395.6
harbor_ships.jpg,4,2,1,ship,0.777,0.0442,832.4,391.9,833.6,372.2,894.2,375.0,892.4,390.8
harbor_ships.jpg,4,3,1,ship,0.652,0.0729,831.9,389.0,834.8,368.0,892.9,371.8,891.5,391.4
harbor_ships.jpg,4,4,1,ship,0.795,0.0523,835.1,390.6,837.1,371.0,894.7,373.9,895.1,394.4
harbor_ships.jpg,5,0,1,ship,0.719,0.0457,840.7,346.0,838.3,327.4,894.4,328.1,894.5,348.5
harbor_ships.jpg,5,2,1,ship,0.3,0.1369,837.8,346.7,839.9,331.7,891.9,329.5,893.4,351.6
harbor_ships.jpg,5,3,1,ship,0.913,0.0201,841.1,345.7,839.5,325.7,894.4,327.8,894.9,347.5
harbor_ships.jpg,5,4,1,ship,0.685,0.0654,842.7,345.3,841.3,325.5,896.7,327.1,898.4,348.8
harbor_ships.jpg,6,0,1,ship,0.709,0.0564,894.9,284.7,894.3,303.7,839.4,300.9,841.7,283.4
harbor_ships.jpg,6,1,1,ship,0.781,0.0458,893.0,287.1,889.5,302.5,839.0,301.0,839.5,281.1
harbor_ships.jpg,6,2,1,ship,0.556,0.0959,895.9,283.8,894.1,300.1,840.8,300.3,842.7,282.7
harbor_ships.jpg,6,3,1,ship,0.537,0.0915,894.0,288.9,892.3,305.2,838.9,304.1,839.5,285.9
harbor_ships.jpg,6,4,1,ship,0.648,0.0663,896.1,287.6,892.0,303.9,839.4,301.4,842.9,284.5
harbor_ships.jpg,7,0,1,ship,0.689,0.0658,842.8,277.4,841.5,265.4,894.6,267.7,891.5,280.8
harbor_ships.jpg,7,1,1,ship,0.504,0.0939,841.5,280.4,839.7,266.4,894.1,266.9,892.4,281.9
harbor_ships.jpg,7,2,1,ship,0.848,0.0355,843.2,278.7,840.9,263.7,896.1,264.2,893.1,280.0
harbor_ships.jpg,7,3,1,ship,0.655,0.0696,843.7,280.2,842.5,267.5,894.8,264.8,895.4,281.1
harbor_ships.jpg,7,4,1,ship,0.51,0.0983,843.4,274.8,842.8,262.6,896.9,263.4,894.3,276.2
harbor_ships.jpg,8,0,1,ship,0.925,0.0181,842.9,256.4,842.7,239.5,895.1,244.3,894.9,257.8
harbor_ships.jpg,8,1,1,ship,0.708,0.0595,843.4,254.1,841.6,238.6,893.6,243.3,895.3,257.6
harbor_ships.jpg,8,3,1,ship,0.737,0.0574,844.2,258.7,844.4,240.8,896.8,244.3,895.5,259.2
harbor_ships.jpg,8,4,1,ship,0.545,0.0846,845.4,253.5,845.4,238.3,896.4,243.2,896.5,255.9
harbor_ships.jpg,9,0,1,ship,0.787,0.0543,843.1,235.3,844.4,219.3,898.5,223.0,896.3,239.9
harbor_ships.jpg,9,1,1,ship,0.55,0.0776,845.7,236.1,844.8,218.4,899.5,221.4,897.8,236.6
harbor_ships.jpg,9,2,1,ship,0.749,0.054,841.4,236.2,842.7,216.6,896.0,220.1,894.4,237.6
harbor_ships.jpg,9,3,1,ship,0.695,0.0601,841.5,236.3,845.0,219.5,897.9,222.4,896.1,239.2
harbor_ships.jpg,9,4,1,ship,0.686,0.0518,841.3,236.1,843.0,218.9,895.8,221.9,894.8,239.4
harbor_ships.jpg,10,0,1,ship,0.538,0.093,839.3,211.6,845.4,195.5,897.6,198.6,897.6,213.9
harbor_ships.jpg,10,1,1,ship,0.696,0.0597,843.2,215.6,843.2,198.8,900.4,200.1,899.1,218.2
harbor_ships.jpg,10,2,1,ship,0.605,0.0696,846.1,213.6,846.0,197.9,900.4,198.6,901.3,215.9
harbor_ships.jpg,10,3,1,ship,0.704,0.0582,844.9,211.1,844.1,194.8,899.0,199.6,900.6,215.1
harbor_ships.jpg,10,4,1,ship,0.798,0.0358,843.9,213.4,844.6,196.3,899.5,200.6,900.2,214.5
harbor_ships.jpg,11,0,1,ship,0.802,0.0428,896.3,176.2,894.4,189.2,838.2,190.6,837.2,173.3
harbor_ships.jpg,11,1,1,ship,0.729,0.0565,897.2,175.5,894.4,189.4,836.9,190.5,839.4,173.0
harbor_ships.jpg,11,3,1,ship,0.405,0.1116,893.8,174.6,892.7,191.4,834.0,188.8,835.3,175.1
harbor_ships.jpg,12,0,1,ship,0.515,0.0932,838.8,169.1,839.8,153.8,885.7,155.0,886.7,171.6
harbor_ships.jpg,12,2,1,ship,0.651,0.065,840.9,172.0,838.9,156.1,887.4,156.8,887.1,173.0
harbor_ships.jpg,12,3,1,ship,0.726,0.0516,839.8,171.3,840.8,155.4,887.6,157.0,887.1,173.2
harbor_ships.jpg,12,4,1,ship,0.66,0.0668,839.7,170.5,841.9,158.6,888.2,155.9,888.3,173.3
harbor_ships.jpg,13,0,1,ship,0.481,0.1028,904.1,136.4,902.8,154.3,841.2,153.9,843.5,137.5
harbor_ships.jpg,13,1,1,ship,0.584,0.0778,905.8,132.9,903.3,149.7,845.4,149.2,843.5,131.5
harbor_ships.jpg,13,2,1,ship,0.685,0.055,900.9,132.3,902.0,150.4,839.0,151.7,842.8,132.2
harbor_ships.jpg,13,4,1,ship,0.622,0.0729,906.5,134.9,903.5,151.3,843.9,152.1,845.3,132.9
harbor_ships.jpg,14,0,1,ship,0.68,0.0629,839.2,130.3,837.4,111.6,895.7,111.2,893.6,127.5
harbor_ships.jpg,14,1,1,ship,0.798,0.0402,840.4,128.6,842.4,110.8,897.5,113.2,896.2,128.3
harbor_ships.jpg,14,2,1,ship,0.71,0.0649,840.9,127.5,839.7,109.3,898.5,111.4,894.9,126.6
harbor_ships.jpg,14,3,1,ship,0.436,0.116,836.3,128.5,837.4,110.9,893.1,110.1,892.6,126.2
harbor_ships.jpg,14,4,1,ship,0.7,0.0488,839.9,130.1,840.5,110.8,894.7,114.3,895.9,127.4
harbor_ships.jpg,15,0,1,ship,0.792,0.0454,846.6,106.6,845.6,91.8,904.2,91.9,901.7,107.7
harbor_ships.jpg,15,2,1,ship,0.767,0.0567,848.1,110.2,848.1,92.9,901.9,93.6,903.0,108.4
harbor_ships.jpg,15,3,1,ship,0.545,0.0906,849.4,110.9,849.1,92.9,904.1,94.0,905.2,108.5
harbor_ships.jpg,15,4,1,ship,0.663,0.06,847.7,110.2,847.1,93.3,902.7,93.2,902.8,109.5
harbor_ships.jpg,16,0,1,ship,0.743,0.0579,845.0,90.6,842.9,66.5,904.6,70.9,904.2,92.9
harbor_ships.jpg,16,1,1,ship,0.706,0.0564,843.4,86.4,842.6,63.5,906.1,66.6,903.1,88.5
harbor_ships.jpg,16,3,1,ship,0.786,0.0422,843.1,87.9,845.0,65.1,904.0,67.3,904.4,90.4
harbor_ships.jpg,17,2,1,ship,0.614,0.0774,900.7,45.8,899.2,65.2,847.4,66.3,845.7,47.4
harbor_ships.jpg,17,3,1,ship,0.579,0.0896,901.4,48.2,903.4,67.7,845.6,66.8,845.9,46.4
harbor_ships.jpg,17,4,1,ship,0.826,0.0354,899.1,48.7,898.5,65.5,844.7,65.4,842.6,47.3
harbor_ships.jpg,18,0,1,ship,0.793,0.0407,842.5,44.0,843.9,27.0,896.5,28.1,897.3,45.7
harbor_ships.jpg,18,1,1,ship,0.706,0.0486,843.9,44.2,842.9,26.3,899.2,31.5,897.6,43.9
harbor_ships.jpg,18,3,1,ship,0.716,0.0592,841.6,44.3,842.7,27.3,897.3,28.5,897.4,43.8
harbor_ships.jpg,18,4,1,ship,0.763,0.0497,844.6,44.2,846.1,26.6,897.9,29.9,897.1,45.1
harbor_ships.jpg,19,0,1,ship,0.694,0.0724,584.0,90.2,600.7,97.6,579.7,140.0,559.9,131.7
harbor_ships.jpg,19,1,1,ship,0.765,0.04,581.6,87.6,600.8,97.0,579.9,140.1,559.1,131.1
harbor_ships.jpg,19,4,1,ship,0.646,0.0532,582.7,88.4,601.8,97.7,580.1,139.5,558.5,131.6
harbor_ships.jpg,20,2,1,ship,0.707,0.0595,632.4,199.9,625.0,215.2,573.8,185.6,582.0,172.2
harbor_ships.jpg,20,3,1,ship,0.784,0.0445,631.6,198.5,621.4,214.1,570.6,184.9,579.4,169.7
harbor_ships.jpg,20,4,1,ship,0.799,0.0446,632.8,199.8,623.4,212.3,572.3,184.1,580.3,168.9
harbor_ships.jpg,21,0,1,ship,0.755,0.0498,645.3,178.5,636.4,196.5,583.3,163.5,594.2,148.4
harbor_ships.jpg,21,1,1,ship,0.847,0.0352,645.1,178.4,633.7,196.8,581.2,165.5,593.9,148.8
harbor_ships.jpg,21,2,1,ship,0.662,0.0712,647.1,175.7,632.8,192.1,580.5,162.3,593.2,145.9
harbor_ships.jpg,21,3,1,ship,0.798,0.0474,645.9,179.1,632.2,195.1,579.2,164.5,593.5,149.6
harbor_ships.jpg,21,4,1,ship,0.878,0.0302,645.8,176.7,634.3,195.3,580.7,164.1,594.0,146.3
harbor_ships.jpg,22,0,1,ship,0.617,0.0774,836.4,487.1,837.2,468.5,892.4,473.0,891.0,489.1
harbor_ships.jpg,22,1,1,ship,0.796,0.0435,838.9,486.0,840.9,467.7,894.6,469.5,893.5,486.1
harbor_ships.jpg,22,2,1,ship,0.616,0.0732,839.6,484.9,840.6,466.4,894.0,470.1,896.1,489.6
harbor_ships.jpg,22,3,1,ship,0.735,0.0513,839.7,486.7,840.9,468.4,894.4,469.0,893.3,487.9
harbor_ships.jpg,22,4,1,ship,0.873,0.0322,838.0,486.2,837.6,469.2,893.7,470.5,893.2,488.2
harbor_ships.jpg,23,0,1,ship,0.704,0.0598,894.2,543.1,895.8,563.8,837.0,559.7,835.4,542.7
harbor_ships.jpg,23,1,1,ship,0.762,0.046,896.7,544.9,895.1,564.0,837.1,559.8,837.9,543.3
harbor_ships.jpg,23,4,1,ship,0.658,0.0688,899.1,540.8,897.5,561.6,838.7,560.3,840.2,543.2
harbor_ships.jpg,24,0,1,ship,0.431,0.1149,683.3,96.2,675.4,112.5,622.9,85.3,634.5,69.8
harbor_ships.jpg,24,2,1,ship,0.726,0.0526,683.8,101.1,674.5,115.4,622.9,86.8,630.9,71.1
harbor_ships.jpg,24,4,1,ship,0.548,0.0898,681.6,97.0,675.2,114.8,619.2,86.5,629.4,67.9
harbor_ships.jpg,25,1,1,ship,0.727,0.0526,892.4,566.6,890.8,584.0,832.3,582.8,834.0,563.9
harbor_ships.jpg,25,3,1,ship,0.617,0.071,893.3,568.2,894.4,583.5,835.2,584.6,837.3,564.6
harbor_ships.jpg,25,4,1,ship,0.696,0.0745,893.6,564.2,895.3,581.6,835.3,580.0,836.2,562.8
harbor_ships.jpg,26,0,1,ship,0.338,0.1371,780.4,503.4,779.9,490.8,820.3,492.6,820.2,505.9
harbor_ships.jpg,26,2,1,ship,0.777,0.0466,781.7,507.1,781.6,494.8,818.8,494.7,818.4,508.5
harbor_ships.jpg,26,3,1,ship,0.746,0.0511,781.7,507.4,782.3,494.9,818.6,496.2,818.9,508.7
harbor_ships.jpg,26,4,1,ship,0.618,0.0811,781.5,504.3,782.3,493.4,819.1,493.6,819.1,506.0
harbor_ships.jpg,27,0,1,ship,0.803,0.0486,826.8,471.7,826.1,490.0,782.4,490.7,783.7,472.6
harbor_ships.jpg,27,1,1,ship,0.552,0.0766,826.9,471.1,826.6,489.1,785.0,489.9,783.4,472.6
harbor_ships.jpg,27,2,1,ship,0.55,0.0876,822.8,473.1,821.7,490.9,781.4,491.6,779.9,472.5
harbor_ships.jpg,28,0,1,ship,0.485,0.0971,823.6,401.1,824.8,420.9,770.4,421.9,769.5,396.5
harbor_ships.jpg,28,1,1,ship,0.3,0.1429,828.4,397.9,829.6,419.4,774.2,418.7,775.7,395.9
harbor_ships.jpg,28,2,1,ship,0.632,0.0729,824.1,404.1,824.9,424.0,770.2,424.7,770.2,400.0
harbor_ships.jpg,29,0,1,ship,0.706,0.0556,828.1,381.9,825.9,402.0,774.1,397.8,773.7,380.9
harbor_ships.jpg,29,1,1,ship,0.536,0.1044,825.0,383.2,824.6,401.8,772.5,401.4,770.5,383.2
harbor_ships.jpg,29,3,1,ship,0.775,0.0473,826.1,380.2,825.3,398.2,775.4,395.9,774.4,379.2
harbor_ships.jpg,29,4,1,ship,0.624,0.0785,825.8,383.5,822.2,401.4,773.0,398.2,771.6,382.0
harbor_ships.jpg,30,1,1,ship,0.364,0.136,824.5,353.5,825.8,377.9,763.5,375.9,763.7,351.8
harbor_ships.jpg,30,2,1,ship,0.792,0.0404,826.1,358.8,829.9,377.5,768.8,375.1,769.5,353.3
harbor_ships.jpg,30,3,1,ship,0.838,0.0399,829.0,355.4,830.0,376.1,768.8,374.7,770.8,350.4
harbor_ships.jpg,30,4,1,ship,0.578,0.0854,833.6,355.8,833.2,375.8,770.8,374.5,771.5,353.3
harbor_ships.jpg,31,0,1,ship,0.787,0.0352,830.6,333.1,830.0,351.3,772.1,350.9,772.4,328.0
harbor_ships.jpg,31,2,1,ship,0.548,0.0868,831.9,330.7,833.0,350.9,772.8,351.5,775.1,328.8
harbor_ships.jpg,31,4,1,ship,0.822,0.0413,829.4,333.3,831.1,352.6,772.9,350.8,773.4,331.1
harbor_ships.jpg,32,0,1,ship,0.55,0.1026,764.6,323.1,766.3,305.3,827.1,303.6,826.9,325.9
harbor_ships.jpg,32,1,1,ship,0.73,0.0457,767.7,326.9,766.5,305.6,827.3,308.3,826.0,328.4
harbor_ships.jpg,32,2,1,ship,0.902,0.0239,767.8,327.2,767.8,305.1,829.1,307.1,829.8,327.0
harbor_ships.jpg,32,3,1,ship,0.668,0.0671,765.6,327.6,766.7,305.0,827.8,304.9,827.3,329.3
harbor_ships.jpg,32,4,1,ship,0.706,0.0511,769.1,325.6,766.3,307.0,828.3,310.2,828.8,326.7
harbor_ships.jpg,33,0,1,ship,0.555,0.0832,824.1,287.5,823.7,304.8,773.5,303.2,773.2,288.1
harbor_ships.jpg,33,1,1,ship,0.631,0.0631,823.1,287.4,822.6,301.8,773.0,299.0,775.0,282.9
harbor_ships.jpg,33,3,1,ship,0.793,0.0461,822.4,287.3,820.5,303.1,770.8,300.5,771.6,285.0
harbor_ships.jpg,33,4,1,ship,0.91,0.0224,823.6,288.0,822.2,301.9,772.1,300.3,772.9,285.0
harbor_ships.jpg,34,0,1,ship,0.649,0.0659,827.6,260.0,828.1,278.6,770.3,280.2,769.8,258.5
harbor_ships.jpg,34,1,1,ship,0.545,0.0933,826.4,260.7,825.8,280.2,768.4,277.2,769.6,256.9
harbor_ships.jpg,34,2,1,ship,0.815,0.0452,829.9,264.1,826.5,283.4,771.8,282.8,769.1,260.1
harbor_ships.jpg,34,3,1,ship,0.977,0.0222,829.5,261.9,828.0,283.0,770.7,281.4,770.0,260.8
harbor_ships.jpg,34,4,1,ship,0.691,0.0714,825.7,263.1,824.5,284.3,768.7,281.7,768.7,258.0
harbor_ships.jpg,35,0,1,ship,0.753,0.035,829.5,242.2,827.3,259.0,759.2,255.8,757.6,237.5
harbor_ships.jpg,35,2,1,ship,0.6,0.0777,830.0,238.7,831.2,255.6,759.2,253.3,761.3,235.4
harbor_ships.jpg,35,3,1,ship,0.654,0.0763,829.1,236.8,829.5,255.8,761.3,252.5,758.5,236.7
harbor_ships.jpg,35,4,1,ship,0.735,0.0434,828.0,241.6,827.2,258.2,756.2,256.5,758.5,237.1
harbor_ships.jpg,36,1,1,ship,0.637,0.0778,826.5,215.4,828.9,234.2,771.3,233.4,770.9,212.8
harbor_ships.jpg,36,3,1,ship,0.582,0.0769,825.8,215.3,826.0,235.2,769.8,236.3,768.4,213.0
harbor_ships.jpg,36,4,1,ship,0.689,0.0486,824.9,218.4,829.3,236.7,770.6,237.3,770.1,214.6
harbor_ships.jpg,37,0,1,ship,0.693,0.0583,826.1,198.7,826.0,212.1,775.1,213.8,773.4,193.9
harbor_ships.jpg,37,1,1,ship,0.835,0.0281,828.0,197.0,827.9,210.7,773.6,212.9,772.8,193.9
harbor_ships.jpg,37,2,1,ship,0.833,0.0388,829.5,197.0,826.9,212.1,773.4,211.0,774.4,193.1
harbor_ships.jpg,37,3,1,ship,0.733,0.0464,826.4,195.7,828.1,211.8,774.6,213.3,772.1,193.3
harbor_ships.jpg,37,4,1,ship,0.659,0.0687,826.0,195.2,826.9,210.1,773.8,210.4,775.7,192.8
harbor_ships.jpg,38,0,1,ship,0.636,0.0795,765.8,190.9,768.9,168.4,827.4,172.2,829.8,193.6
harbor_ships.jpg,38,1,1,ship,0.651,0.0689,767.8,187.6,767.7,168.7,829.4,171.4,828.3,192.1
harbor_ships.jpg,38,2,1,ship,0.795,0.0413,768.1,188.8,768.9,166.9,831.3,170.3,830.7,191.4
harbor_ships.jpg,38,3,1,ship,0.604,0.0776,768.2,186.5,771.4,165.4,832.9,170.9,833.4,189.7
harbor_ships.jpg,38,4,1,ship,0.521,0.1003,767.3,190.8,766.0,169.8,829.9,175.8,827.0,192.9
harbor_ships.jpg,39,0,1,ship,0.724,0.0554,833.5,150.9,830.7,168.7,783.0,166.4,781.1,148.9
harbor_ships.jpg,39,1,1,ship,0.805,0.0452,831.3,151.0,829.9,168.3,781.3,168.0,780.1,150.4
harbor_ships.jpg,39,2,1,ship,0.674,0.063,833.0,149.4,832.7,168.3,782.7,166.5,782.3,150.0
harbor_ships.jpg,39,3,1,ship,0.679,0.0544,831.8,152.5,830.2,169.1,780.7,169.7,783.9,153.3
harbor_ships.jpg,39,4,1,ship,0.691,0.068,832.4,153.7,830.1,170.9,781.9,169.8,781.5,153.1
harbor_ships.jpg,40,1,1,ship,0.629,0.0671,835.8,96.6,834.0,106.5,801.2,104.2,800.5,96.2
harbor_ships.jpg,40,2,1,ship,0.694,0.0576,835.8,98.4,834.6,108.4,801.3,103.5,801.7,95.4
harbor_ships.jpg,40,3,1,ship,0.653,0.0633,835.9,97.1,836.3,106.7,802.4,104.7,801.1,96.4
harbor_ships.jpg,40,4,1,ship,0.724,0.0511,835.7,98.3,835.2,109.3,800.9,106.4,801.6,96.9
harbor_ships.jpg,41,1,1,ship,0.37,0.1154,833.4,108.3,833.1,124.0,789.1,123.3,789.8,107.9
harbor_ships.jpg,41,2,1,ship,0.717,0.0552,833.5,112.9,833.4,127.0,789.9,124.4,789.8,110.0
harbor_ships.jpg,41,4,1,ship,0.708,0.0503,834.4,112.4,833.9,128.1,790.1,124.3,790.3,111.8
harbor_ships.jpg,42,0,1,ship,0.672,0.0608,837.2,131.1,838.1,149.4,779.3,148.4,780.2,131.9
harbor_ships.jpg,42,2,1,ship,0.839,0.0455,833.8,131.7,835.2,149.6,776.6,148.8,776.2,132.0
harbor_ships.jpg,42,3,1,ship,0.758,0.0408,834.8,130.4,834.1,149.2,777.3,146.1,778.6,131.7
harbor_ships.jpg,43,0,1,ship,0.83,0.0252,829.5,620.6,831.8,600.0,901.3,604.1,901.2,622.4
harbor_ships.jpg,43,1,1,ship,0.404,0.1163,831.1,615.5,833.3,595.5,903.6,599.6,902.0,620.9
harbor_ships.jpg,43,3,1,ship,0.743,0.0544,831.8,619.5,833.3,600.7,902.6,600.9,901.4,623.2
harbor_ships.jpg,44,0,1,ship,0.675,0.0754,609.2,118.8,615.0,103.0,665.7,128.9,655.4,142.1
harbor_ships.jpg,44,2,1,ship,0.806,0.027,608.1,117.3,617.3,102.5,669.9,128.3,658.0,141.1
harbor_ships.jpg,44,3,1,ship,0.773,0.0463,606.4,117.0,615.7,100.0,667.8,128.5,658.0,141.0
harbor_ships.jpg,45,1,1,ship,0.889,0.0173,631.8,69.4,643.0,52.3,690.2,76.3,679.2,94.0
harbor_ships.jpg,45,3,1,ship,0.566,0.082,629.9,70.3,639.9,55.8,687.3,78.5,678.0,95.0
harbor_ships.jpg,45,4,1,ship,0.867,0.0312,632.8,71.4,643.5,54.0,690.0,77.6,679.4,94.7
harbor_ships.jpg,46,0,1,ship,0.718,0.0516,376.1,35.7,380.4,17.3,427.1,32.5,421.6,48.6
harbor_ships.jpg,46,1,1,ship,0.787,0.0383,374.4,36.6,380.8,16.2,426.2,32.9,421.9,47.6
harbor_ships.jpg,46,2,1,ship,0.682,0.0655,372.4,37.3,378.7,17.9,425.0,30.2,421.0,49.8
harbor_ships.jpg,46,4,1,ship,0.568,0.0761,372.2,36.4,378.0,18.1,426.6,31.5,422.2,51.6
harbor_ships.jpg,47,1,1,ship,0.726,0.0562,194.8,158.9,200.8,144.1,247.2,157.2,241.5,171.4
harbor_ships.jpg,47,3,1,ship,0.543,0.0854,193.5,157.9,199.8,142.5,247.6,156.3,241.5,168.1
harbor_ships.jpg,47,4,1,ship,0.904,0.0228,195.5,159.0,202.1,144.0,247.4,156.7,242.9,170.3
harbor_ships.jpg,48,0,1,ship,0.766,0.0428,196.6,137.4,201.1,121.2,255.9,131.4,252.8,150.3
harbor_ships.jpg,48,1,1,ship,0.627,0.0763,192.2,137.2,196.2,119.0,254.2,132.3,250.6,153.3
harbor_ships.jpg,48,2,1,ship,0.791,0.0492,194.4,137.1,198.7,117.5,256.6,130.5,251.7,149.2
harbor_ships.jpg,48,4,1,ship,0.595,0.0806,194.9,135.6,197.3,116.5,254.2,130.1,252.1,148.1
harbor_ships.jpg,49,0,1,ship,0.801,0.0435,207.1,107.6,208.6,94.7,255.4,106.1,250.7,117.8
harbor_ships.jpg,49,1,1,ship,0.61,0.0893,205.5,105.5,209.0,93.7,255.5,104.3,247.5,114.3
harbor_ships.jpg,49,2,1,ship,0.739,0.0581,206.4,105.1,210.3,93.3,254.8,104.3,250.0,116.7
harbor_ships.jpg,49,3,1,ship,0.565,0.0852,205.3,108.3,208.1,96.3,254.1,108.3,247.9,117.1
harbor_ships.jpg,49,4,1,ship,0.712,0.0626,203.5,105.8,209.8,93.8,255.9,105.1,250.5,116.3
harbor_ships.jpg,50,0,1,ship,0.65,0.0567,208.7,87.3,214.0,72.7,267.7,84.5,259.4,101.0
harbor_ships.jpg,50,1,1,ship,0.679,0.0693,209.8,86.4,214.4,71.5,268.8,83.7,263.9,102.8
harbor_ships.jpg,50,2,1,ship,0.757,0.0576,209.7,87.9,213.4,71.9,269.1,84.1,263.2,100.4
harbor_ships.jpg,50,3,1,ship,0.781,0.0532,208.5,87.8,215.1,70.7,265.9,85.0,263.2,102.0
harbor_ships.jpg,50,4,1,ship,0.534,0.0865,208.6,86.2,218.4,71.1,270.0,82.4,263.1,99.5
harbor_ships.jpg,51,0,1,ship,0.457,0.1049,272.5,37.6,268.0,53.4,218.8,39.2,221.7,26.2
harbor_ships.jpg,51,1,1,ship,0.508,0.0958,275.1,37.8,267.4,54.4,217.6,41.1,222.3,24.8
harbor_ships.jpg,51,2,1,ship,0.756,0.0467,276.3,35.8,271.7,52.5,220.2,38.5,223.3,24.5
harbor_ships.jpg,51,3,1,ship,0.427,0.1182,272.4,37.8,266.7,51.1,219.2,40.6,221.5,23.8
harbor_ships.jpg,51,4,1,ship,0.521,0.1067,273.0,36.2,267.9,50.9,219.3,39.7,221.7,22.8
harbor_ships.jpg,52,0,1,ship,0.869,0.0418,228.1,14.7,232.7,0.0,283.3,8.9,278.5,27.5
harbor_ships.jpg,52,1,1,ship,0.885,0.029,229.2,15.2,233.0,0.0,284.0,9.7,278.1,27.5
harbor_ships.jpg,52,2,1,ship,0.524,0.1032,226.5,11.5,232.0,0.0,282.1,8.0,277.5,25.3
harbor_ships.jpg,52,3,1,ship,0.909,0.0228,229.4,14.6,235.1,0.0,284.0,11.1,277.9,28.2
harbor_ships.jpg,52,4,1,ship,0.635,0.073,227.8,17.5,233.6,0.0,283.5,13.4,279.4,31.6
harbor_ships.jpg,53,0,1,ship,0.585,0.0903,439.3,6.8,433.9,29.2,384.0,15.2,390.4,0.0
harbor_ships.jpg,53,1,1,ship,0.579,0.0807,439.6,8.9,433.9,26.4,384.9,14.2,390.0,0.0
harbor_ships.jpg,53,2,1,ship,0.756,0.0483,438.6,6.2,432.8,28.7,381.8,12.1,389.9,0.0
harbor_ships.jpg,53,3,1,ship,0.713,0.0476,437.0,8.6,433.0,26.7,381.7,13.3,388.5,0.0
harbor_ships.jpg,53,4,1,ship,0.766,0.0365,439.3,7.2,433.5,26.6,382.8,12.4,388.5,0.0
harbor_ships.jpg,54,0,1,ship,0.772,0.0524,368.5,61.3,376.8,41.9,421.8,53.6,416.7,74.1
harbor_ships.jpg,54,1,1,ship,0.736,0.0551,369.2,59.5,374.3,43.4,420.4,55.6,414.0,73.2
harbor_ships.jpg,54,2,1,ship,0.834,0.0338,370.2,61.1,373.0,40.7,419.9,53.1,414.4,72.7
harbor_ships.jpg,54,3,1,ship,0.578,0.0862,372.4,60.6,378.8,41.8,423.4,52.9,416.0,74.6
harbor_ships.jpg,54,4,1,ship,0.558,0.0934,367.1,63.6,372.5,42.5,419.7,54.5,411.7,74.1
harbor_ships.jpg,55,1,1,ship,0.597,0.0819,712.0,22.9,704.3,37.2,665.0,15.3,671.0,2.2
harbor_ships.jpg,55,2,1,ship,0.841,0.0386,713.5,26.1,702.7,39.8,663.4,17.0,671.3,2.8
harbor_ships.jpg,55,3,1,ship,0.781,0.0429,714.2,25.2,704.9,40.1,665.3,16.8,672.6,3.9
harbor_ships.jpg,55,4,1,ship,0.553,0.091,715.1,26.5,705.0,37.8,667.0,16.7,673.9,1.9
harbor_ships.jpg,56,0,1,ship,0.795,0.0496,356.9,102.2,362.3,85.2,409.9,99.6,403.6,117.2
harbor_ships.jpg,56,1,1,ship,0.797,0.0465,358.2,103.9,363.9,87.0,408.8,101.0,405.6,117.4
harbor_ships.jpg,56,2,1,ship,0.527,0.0923,358.3,99.6,362.0,85.4,408.5,97.1,403.2,115.2
harbor_ships.jpg,56,4,1,ship,0.578,0.0857,361.1,104.3,365.0,86.4,413.5,100.1,407.4,119.2
harbor_ships.jpg,57,0,1,ship,0.857,0.0221,325.5,206.9,320.8,217.8,254.9,202.0,259.0,189.9
harbor_ships.jpg,57,2,1,ship,0.679,0.0572,323.6,208.7,321.7,219.2,254.4,203.4,260.9,189.4
harbor_ships.jpg,57,3,1,ship,0.557,0.0926,323.0,209.1,320.0,219.2,253.2,206.4,258.7,190.3
harbor_ships.jpg,57,4,1,ship,0.615,0.0672,324.9,205.9,321.9,215.4,253.8,200.5,258.3,186.5
harbor_ships.jpg,58,1,1,ship,0.757,0.0377,178.0,181.8,180.1,169.3,213.2,177.8,210.2,185.9
harbor_ships.jpg,58,3,1,ship,0.45,0.1071,178.8,182.2,181.7,170.5,214.3,177.4,213.0,187.0
harbor_ships.jpg,58,4,1,ship,0.712,0.0542,178.3,179.8,180.7,169.8,213.6,176.3,210.4,185.2
harbor_ships.jpg,59,0,1,ship,0.654,0.0632,210.0,191.6,213.3,177.6,257.0,190.9,254.2,203.8
harbor_ships.jpg,59,1,1,ship,0.747,0.0507,210.5,188.6,213.3,175.0,256.6,189.8,252.8,201.7
harbor_ships.jpg,59,2,1,ship,0.672,0.0648,210.1,189.1,214.1,173.3,257.7,189.0,252.6,200.5
harbor_ships.jpg,59,4,1,ship,0.394,0.1245,210.6,193.9,215.2,178.8,260.7,191.2,256.3,203.9
harbor_ships.jpg,60,0,1,ship,0.782,0.0521,361.3,214.1,357.2,225.1,325.5,216.9,329.4,205.4
harbor_ships.jpg,60,1,1,ship,0.73,0.0493,360.6,215.1,358.0,225.3,325.9,215.7,328.2,205.6
harbor_ships.jpg,60,2,1,ship,0.3,0.1401,361.6,213.5,360.3,224.2,327.7,214.1,330.0,203.5
harbor_ships.jpg,60,3,1,ship,0.602,0.0795,359.3,211.9,356.6,223.5,325.3,214.8,328.5,203.9
harbor_ships.jpg,60,4,1,ship,0.887,0.0153,360.3,214.2,357.0,224.9,325.5,216.3,327.8,205.0
harbor_ships.jpg,61,0,1,ship,0.713,0.0687,393.4,222.6,392.8,235.6,357.8,227.1,360.1,214.6
harbor_ships.jpg,61,1,1,ship,0.654,0.0615,395.2,221.3,395.0,233.2,358.3,225.6,360.5,212.2
harbor_ships.jpg,61,2,1,ship,0.854,0.0355,395.0,221.9,393.6,232.5,358.2,225.9,361.0,214.2
harbor_ships.jpg,61,3,1,ship,0.444,0.1104,393.2,220.5,393.1,231.1,359.4,225.4,360.4,211.4
harbor_ships.jpg,61,4,1,ship,0.63,0.0678,395.5,223.9,395.0,234.6,359.7,228.2,359.6,214.0
harbor_ships.jpg,62,0,1,ship,0.684,0.0631,448.1,212.9,444.5,226.6,393.8,217.8,398.6,205.3
harbor_ships.jpg,62,1,1,ship,0.773,0.0448,447.1,213.5,444.2,228.2,393.5,217.8,397.6,206.8
harbor_ships.jpg,62,2,1,ship,0.616,0.0865,447.9,212.7,444.3,228.0,396.0,218.0,399.8,205.3
harbor_ships.jpg,63,0,1,ship,0.738,0.0495,402.0,196.4,404.0,182.7,442.8,192.3,436.1,204.6
harbor_ships.jpg,63,1,1,ship,0.607,0.0748,398.9,198.6,404.8,183.8,440.8,193.1,436.8,206.6
harbor_ships.jpg,63,3,1,ship,0.711,0.0497,400.5,196.5,407.1,183.7,443.5,192.2,439.0,206.9
harbor_ships.jpg,64,0,1,ship,0.76,0.0426,452.6,172.8,448.8,187.3,405.1,177.3,410.7,164.3
harbor_ships.jpg,64,2,1,ship,0.787,0.0422,452.2,172.6,449.9,187.9,407.6,178.0,409.8,163.5
harbor_ships.jpg,64,3,1,ship,0.683,0.0617,452.2,170.4,449.0,185.6,407.4,176.0,412.5,163.0
harbor_ships.jpg,64,4,1,ship,0.713,0.0522,453.3,173.9,449.3,187.9,407.2,176.0,411.6,165.3
harbor_ships.jpg,65,0,1,ship,0.774,0.0527,457.7,151.4,453.1,166.4,409.6,156.1,414.6,142.6
harbor_ships.jpg,65,1,1,ship,0.581,0.0807,456.7,155.4,452.4,169.0,409.8,160.6,414.8,143.2
harbor_ships.jpg,65,2,1,ship,0.761,0.0575,458.8,154.1,455.4,168.2,410.8,158.5,416.0,145.1
harbor_ships.jpg,65,3,1,ship,0.822,0.0388,459.4,152.8,454.7,166.7,410.8,158.6,416.0,143.8
harbor_ships.jpg,65,4,1,ship,0.843,0.0282,458.2,153.9,453.7,167.9,411.8,158.1,415.3,143.1
harbor_ships.jpg,66,0,1,ship,0.359,0.1298,420.6,143.2,424.5,127.2,460.4,136.9,457.1,150.1
harbor_ships.jpg,66,1,1,ship,0.685,0.0663,420.0,140.0,423.5,126.4,458.9,133.3,454.6,147.4
harbor_ships.jpg,66,2,1,ship,0.868,0.0323,421.1,140.9,424.9,124.2,459.9,133.8,457.3,148.2
harbor_ships.jpg,66,3,1,ship,0.786,0.0461,419.7,141.4,425.2,125.2,460.3,134.0,454.9,147.2
harbor_ships.jpg,66,4,1,ship,0.56,0.0873,421.0,138.1,425.4,121.7,459.6,132.1,456.7,144.8
harbor_ships.jpg,67,1,1,ship,0.865,0.0237,423.4,114.3,428.4,101.8,459.4,109.8,455.8,124.2
harbor_ships.jpg,67,2,1,ship,0.794,0.0498,423.5,114.3,428.7,102.3,459.2,110.8,457.5,124.6
harbor_ships.jpg,67,3,1,ship,0.657,0.0777,421.8,113.7,427.7,99.9,460.0,108.9,455.1,122.2
harbor_ships.jpg,67,4,1,ship,0.803,0.041,421.7,116.1,427.8,103.3,459.6,110.0,455.8,124.2
harbor_ships.jpg,68,0,1,ship,0.773,0.0553,427.7,97.8,432.6,80.8,474.3,93.6,468.9,107.4
harbor_ships.jpg,68,1,1,ship,0.656,0.0669,428.2,94.8,433.3,81.9,473.7,93.0,466.9,106.6
harbor_ships.jpg,68,2,1,ship,0.613,0.0749,427.9,97.0,432.8,80.6,473.3,94.9,467.5,107.5
harbor_ships.jpg,68,3,1,ship,0.629,0.073,430.4,97.8,435.2,82.6,475.8,94.6,471.5,107.0
harbor_ships.jpg,68,4,1,ship,0.903,0.0318,429.7,95.0,434.8,80.8,475.2,92.1,470.4,106.9
harbor_ships.jpg,69,0,1,ship,0.836,0.0379,441.2,47.7,443.2,35.1,496.2,47.4,490.7,63.5
harbor_ships.jpg,69,1,1,ship,0.862,0.0312,440.8,47.9,441.4,34.0,495.0,46.9,490.6,61.5
harbor_ships.jpg,69,2,1,ship,0.799,0.0431,439.8,47.2,443.0,32.6,494.7,46.3,489.8,61.0
harbor_ships.jpg,70,0,1,ship,0.671,0.0708,443.8,29.8,451.5,10.2,501.8,22.1,496.3,42.5
harbor_ships.jpg,70,1,1,ship,0.579,0.0787,439.2,27.9,447.4,7.5,498.1,21.5,490.7,40.8
harbor_ships.jpg,70,2,1,ship,0.638,0.0724,443.7,27.0,449.9,7.4,499.4,18.8,493.2,38.7
harbor_ships.jpg,70,4,1,ship,0.749,0.0528,441.9,28.9,447.9,10.1,498.5,24.7,492.5,41.8
harbor_ships.jpg,71,0,1,ship,0.547,0.0955,314.8,191.5,320.4,176.1,386.6,190.2,382.3,206.4
harbor_ships.jpg,71,1,1,ship,0.621,0.0765,315.7,192.1,321.8,180.9,388.6,194.3,382.0,206.4
harbor_ships.jpg,71,2,1,ship,0.775,0.039,317.6,190.7,322.4,176.7,389.7,191.6,384.4,206.6
harbor_ships.jpg,71,3,1,ship,0.348,0.1228,321.9,193.0,327.4,179.2,391.0,194.8,388.2,207.6
harbor_ships.jpg,71,4,1,ship,0.774,0.0432,318.8,190.9,324.5,179.1,389.7,192.2,385.3,207.2
harbor_ships.jpg,72,1,1,ship,0.79,0.0467,326.6,169.8,331.6,154.4,392.1,169.2,388.0,183.8
harbor_ships.jpg,72,3,1,ship,0.578,0.0751,324.9,166.9,331.6,155.2,394.4,167.4,390.5,185.1
harbor_ships.jpg,72,4,1,ship,0.853,0.0347,326.1,170.1,331.2,154.3,392.4,173.5,388.6,186.9
harbor_ships.jpg,73,0,1,ship,0.735,0.0528,327.9,148.2,334.3,128.7,400.5,147.8,395.9,166.7
harbor_ships.jpg,73,1,1,ship,0.593,0.0803,327.2,149.3,334.2,132.1,402.2,147.3,395.7,167.4
harbor_ships.jpg,73,3,1,ship,0.799,0.0399,325.5,148.4,332.1,129.1,401.9,148.2,394.3,165.3
harbor_ships.jpg,74,0,1,ship,0.649,0.0781,881.9,306.6,883.0,320.2,835.4,320.2,838.9,305.1
harbor_ships.jpg,74,1,1,ship,0.82,0.0383,882.3,308.3,883.1,324.2,836.7,322.7,838.7,307.4
harbor_ships.jpg,74,2,1,ship,0.75,0.0555,884.0,307.1,882.1,322.8,836.1,320.3,838.6,304.9
harbor_ships.jpg,74,3,1,ship,0.888,0.0324,883.1,307.2,882.1,323.4,836.8,320.7,837.6,307.9
harbor_ships.jpg,74,4,1,ship,0.669,0.0683,884.2,306.4,884.4,322.3,838.1,320.6,838.3,304.2
harbor_ships.jpg,75,0,1,ship,0.795,0.0491,1023.0,470.4,1023.0,487.1,988.8,486.3,989.1,468.1
harbor_ships.jpg,75,1,1,ship,0.594,0.073,1023.0,472.9,1023.0,488.0,986.6,488.9,990.2,470.9
harbor_ships.jpg,75,2,1,ship,0.77,0.0431,1023.0,468.5,1023.0,488.8,987.8,487.7,988.1,467.5
harbor_ships.jpg,75,4,1,ship,0.715,0.0566,1023.0,470.4,1023.0,488.8,984.0,487.5,983.8,470.1
harbor_ships.jpg,76,0,1,ship,0.729,0.045,1023.0,408.2,1023.0,423.2,994.6,424.4,994.0,405.2
harbor_ships.jpg,76,1,1,ship,0.763,0.049,1023.0,406.7,1023.0,424.0,995.5,423.0,994.8,406.1
harbor_ships.jpg,76,2,1,ship,0.726,0.0522,1023.0,408.1,1023.0,425.3,994.2,422.8,993.9,406.1
harbor_ships.jpg,76,3,1,ship,0.8,0.0285,1023.0,406.8,1023.0,421.4,994.4,422.2,993.8,405.3
harbor_ships.jpg,76,4,1,ship,0.491,0.0955,1023.0,409.6,1023.0,425.2,992.0,424.6,991.6,406.8
harbor_ships.jpg,77,0,1,ship,0.742,0.0443,1023.0,219.4,1023.0,233.4,998.6,232.2,1000.0,219.9
harbor_ships.jpg,77,1,1,ship,0.807,0.0414,1023.0,218.8,1023.0,231.1,997.8,231.6,998.9,219.1
harbor_ships.jpg,77,2,1,ship,0.867,0.0307,1023.0,219.4,1023.0,232.4,998.8,232.2,999.7,219.9
harbor_ships.jpg,77,3,1,ship,0.765,0.0641,1023.0,221.6,1023.0,233.2,999.0,232.9,999.3,221.2
harbor_ships.jpg,77,4,1,ship,0.839,0.036,1023.0,219.8,1023.0,231.6,997.4,231.1,998.2,219.0
harbor_ships.jpg,78,1,1,ship,0.766,0.0493,1023.0,492.8,1023.0,506.8,991.1,505.9,990.2,491.3
harbor_ships.jpg,78,2,1,ship,0.866,0.0313,1023.0,491.8,1023.0,504.5,991.1,505.2,989.6,491.2
harbor_ships.jpg,78,3,1,ship,0.647,0.0728,1023.0,491.1,1023.0,503.0,990.9,504.0,990.5,488.3
harbor_ships.jpg,78,4,1,ship,0.744,0.0605,1023.0,492.4,1023.0,503.8,990.2,505.4,988.8,489.7
harbor_ships.jpg,79,1,1,ship,0.621,0.0601,1023.0,512.0,1023.0,523.2,995.1,524.3,994.8,511.1
harbor_ships.jpg,79,2,1,ship,0.891,0.0215,1023.0,513.4,1023.0,524.9,993.8,526.0,994.0,511.6
harbor_ships.jpg,79,3,1,ship,0.642,0.0731,1023.0,515.2,1023.0,526.4,995.0,527.3,994.0,514.1
harbor_ships.jpg,79,4,1,ship,0.731,0.0518,1023.0,513.5,1023.0,523.4,996.3,525.1,994.6,510.8
harbor_ships.jpg,80,1,1,ship,0.713,0.0553,1000.1,545.0,1002.3,531.6,1023.0,533.4,1023.0,546.2
harbor_ships.jpg,80,2,1,ship,0.669,0.0558,999.3,543.4,998.8,529.7,1023.0,531.9,1023.0,546.5
harbor_ships.jpg,80,3,1,ship,0.909,0.0206,1000.1,545.6,998.4,531.4,1023.0,533.0,1023.0,546.5
harbor_ships.jpg,80,4,1,ship,0.68,0.058,998.2,545.5,997.7,532.2,1023.0,534.1,1023.0,547.3
harbor_ships.jpg,81,0,1,ship,0.584,0.0742,1023.0,549.7,1023.0,566.3,986.1,564.2,988.1,550.4
harbor_ships.jpg,81,1,1,ship,0.499,0.0923,1023.0,549.1,1023.0,563.5,987.6,564.4,991.6,549.0
harbor_ships.jpg,81,2,1,ship,0.705,0.0591,1023.0,551.2,1023.0,566.1,986.9,564.5,986.8,551.3
harbor_ships.jpg,81,3,1,ship,0.801,0.0411,1023.0,551.7,1023.0,566.0,990.5,566.1,991.8,552.1
harbor_ships.jpg,81,4,1,ship,0.782,0.0514,1023.0,553.6,1023.0,566.3,989.6,566.0,992.2,551.4
harbor_ships.jpg,82,1,1,ship,0.628,0.0823,964.9,627.0,965.0,605.3,1023.0,608.4,1023.0,625.5
harbor_ships.jpg,82,2,1,ship,0.88,0.0254,967.4,624.5,967.0,603.7,1023.0,604.1,1023.0,622.1
harbor_ships.jpg,82,4,1,ship,0.624,0.0731,965.6,626.7,966.7,606.1,1023.0,607.2,1023.0,625.1
harbor_ships.jpg,83,0,1,ship,0.958,0.0145,981.7,585.7,980.9,569.6,1023.0,571.9,1023.0,586.9
harbor_ships.jpg,83,1,1,ship,0.854,0.032,980.6,585.5,982.5,569.5,1023.0,572.5,1023.0,586.0
harbor_ships.jpg,83,2,1,ship,0.644,0.0693,981.3,587.6,981.6,572.8,1023.0,573.3,1023.0,589.2
harbor_ships.jpg,84,1,7,harbor,0.604,0.0828,745.6,0.0,887.0,9.6,873.3,597.7,736.8,610.0
harbor_ships.jpg,84,2,7,harbor,0.77,0.0402,781.4,15.7,885.0,21.4,881.6,618.5,749.6,604.7
harbor_ships.jpg,84,3,7,harbor,0.91,0.0203,764.6,10.7,897.8,26.6,886.5,619.5,751.8,618.0
harbor_ships.jpg,84,4,7,harbor,0.716,0.0518,785.7,21.2,910.8,38.0,893.2,620.7,769.2,626.5
harbor_ships.jpg,85,0,7,harbor,0.765,0.0521,577.5,364.5,637.3,320.2,762.9,591.2,704.7,627.1
harbor_ships.jpg,85,1,7,harbor,0.737,0.0481,577.1,368.7,638.8,322.9,764.5,595.2,718.8,621.0
harbor_ships.jpg,85,3,7,harbor,0.733,0.0646,556.8,376.8,638.5,338.3,757.8,599.9,701.6,622.8
harbor_ships.jpg,85,4,7,harbor,0.65,0.0652,558.9,381.5,646.5,337.8,766.4,601.2,702.9,630.2
harbor_ships.jpg,86,0,7,harbor,0.772,0.0442,684.8,0.0,753.2,0.0,622.1,210.2,558.3,167.2
harbor_ships.jpg,86,1,7,harbor,0.711,0.0595,682.6,0.0,755.8,0.0,614.3,227.4,553.0,174.6
harbor_ships.jpg,86,2,7,harbor,0.74,0.2207,640.1,0.0,726.3,0.0,645.0,219.6,576.1,187.7
harbor_ships.jpg,86,3,7,harbor,0.69,0.262,637.4,0.0,720.9,0.0,656.5,219.4,578.1,193.5
harbor_ships.jpg,86,4,7,harbor,0.583,0.081,692.4,0.0,767.5,0.0,622.5,244.9,556.6,186.0
harbor_ships.jpg,87,0,7,harbor,0.766,0.0454,381.3,0.0,503.7,14.6,441.0,214.8,330.1,181.7
harbor_ships.jpg,87,2,7,harbor,0.759,0.0451,381.0,0.0,507.5,13.8,457.0,217.9,330.3,179.3
harbor_ships.jpg,87,3,7,harbor,0.738,0.0547,376.4,0.0,511.6,18.6,447.7,238.8,334.5,196.1
harbor_ships.jpg,88,1,7,harbor,0.822,0.0236,236.3,0.0,299.9,0.0,244.0,169.3,186.2,154.8
harbor_ships.jpg,88,2,7,harbor,0.674,0.0686,243.8,0.0,301.7,0.0,252.8,183.2,183.8,166.6
harbor_ships.jpg,88,3,7,harbor,0.732,0.0465,240.5,0.0,300.1,0.0,243.9,179.4,182.4,166.5
harbor_ships.jpg,88,4,7,harbor,0.808,0.0459,234.1,0.0,293.1,0.0,246.9,178.7,174.0,162.3
harbor_ships.jpg,89,0,1,ship,0.908,0.0272,604.0,377.9,595.1,361.3,638.9,336.3,652.4,355.4
harbor_ships.jpg,89,1,1,ship,0.735,0.0547,604.1,376.4,593.8,361.4,635.8,336.6,652.2,355.0
harbor_ships.jpg,89,3,1,ship,0.643,0.0649,606.5,377.6,596.1,359.5,639.9,336.6,652.4,354.0
harbor_ships.jpg,89,4,1,ship,0.713,0.0621,605.0,381.2,596.4,363.3,638.2,337.6,653.0,355.9
harbor_ships.jpg,90,0,1,ship,0.812,0.0337,633.7,366.6,636.5,376.4,610.2,390.9,603.7,379.7
harbor_ships.jpg,90,1,1,ship,0.67,0.0681,635.1,367.5,638.9,376.5,611.4,390.8,605.5,381.1
harbor_ships.jpg,90,2,1,ship,0.593,0.0994,632.1,367.3,636.2,377.2,608.0,391.6,601.7,379.7
harbor_ships.jpg,90,4,1,ship,0.805,0.05,632.5,367.2,636.9,376.8,610.1,391.4,603.8,379.0
harbor_ships.jpg,91,0,1,ship,0.796,0.0429,611.9,409.2,606.1,395.8,640.0,383.1,643.9,394.8
harbor_ships.jpg,91,1,1,ship,0.427,0.1197,612.5,407.4,606.1,394.3,639.3,380.1,643.5,392.5
harbor_ships.jpg,91,3,1,ship,0.771,0.0447,614.0,408.8,606.9,396.4,639.3,381.2,645.3,394.9
harbor_ships.jpg,91,4,1,ship,0.681,0.061,611.9,409.3,606.1,398.8,640.5,382.2,643.9,395.6
harbor_ships.jpg,92,0,1,ship,0.801,0.0333,622.9,422.2,617.2,410.8,648.4,400.4,654.5,412.2
harbor_ships.jpg,92,1,1,ship,0.648,0.0797,621.4,422.1,615.9,409.4,647.4,399.0,652.9,410.6
harbor_ships.jpg,92,2,1,ship,0.793,0.0404,621.6,424.2,616.9,411.0,649.8,401.0,654.4,412.6
harbor_ships.jpg,93,0,1,ship,0.699,0.0591,633.1,442.8,624.4,428.8,655.6,413.7,662.5,425.3
harbor_ships.jpg,93,2,1,ship,0.624,0.0694,629.5,441.3,623.9,429.3,655.2,411.7,661.2,424.0
harbor_ships.jpg,93,3,1,ship,0.44,0.1073,632.3,438.3,625.4,425.3,656.6,410.1,663.3,423.0
harbor_ships.jpg,94,1,1,ship,0.536,0.096,643.8,453.2,638.1,441.7,665.0,431.2,670.6,443.1
harbor_ships.jpg,94,2,1,ship,0.766,0.0483,643.5,453.3,636.2,441.3,664.1,431.3,668.6,443.1
harbor_ships.jpg,94,3,1,ship,0.704,0.0529,641.8,454.7,635.6,442.9,662.7,431.6,668.2,444.6
harbor_ships.jpg,94,4,1,ship,0.682,0.0651,643.4,453.2,635.9,441.2,663.5,429.9,669.1,441.4
harbor_ships.jpg,95,0,1,ship,0.695,0.0565,674.8,442.9,678.0,455.7,649.1,470.2,641.6,458.2
harbor_ships.jpg,95,1,1,ship,0.838,0.0385,673.6,443.8,677.9,456.7,647.4,472.1,641.0,458.9
harbor_ships.jpg,95,2,1,ship,0.733,0.0555,672.0,442.3,677.9,457.4,647.1,472.0,638.9,457.8
harbor_ships.jpg,95,3,1,ship,0.651,0.0537,671.4,443.7,677.9,457.5,645.9,470.6,640.6,458.3
harbor_ships.jpg,95,4,1,ship,0.688,0.0651,673.6,443.8,678.7,456.7,649.4,472.3,643.2,458.4
harbor_ships.jpg,96,1,1,ship,0.725,0.0543,663.8,502.2,656.9,488.4,682.5,474.5,692.0,489.6
harbor_ships.jpg,96,2,1,ship,0.694,0.0661,664.8,504.0,657.7,488.7,683.8,475.0,693.0,490.0
harbor_ships.jpg,96,3,1,ship,0.599,0.0816,662.9,504.5,656.5,491.2,683.0,475.9,691.7,492.2
harbor_ships.jpg,96,4,1,ship,0.78,0.0474,663.3,503.4,656.0,490.5,685.0,476.2,690.8,490.7
harbor_ships.jpg,97,1,1,ship,0.447,0.1046,673.9,516.0,668.5,501.7,695.7,489.6,703.3,503.1
harbor_ships.jpg,97,2,1,ship,0.387,0.1184,674.7,517.5,668.5,504.1,698.7,491.8,703.1,507.1
harbor_ships.jpg,97,4,1,ship,0.328,0.1307,671.0,514.8,664.3,501.6,693.3,487.3,699.4,504.1
harbor_ships.jpg,98,0,1,ship,0.785,0.0439,677.9,530.8,672.1,518.1,701.4,506.9,707.2,519.0
harbor_ships.jpg,98,1,1,ship,0.761,0.0532,678.0,530.9,671.3,517.2,701.7,506.6,706.5,520.9
harbor_ships.jpg,98,2,1,ship,0.624,0.0776,680.3,532.2,671.5,519.4,703.5,507.8,708.3,521.5
harbor_ships.jpg,98,4,1,ship,0.689,0.0531,678.0,532.2,672.8,517.8,702.3,505.8,707.2,518.4
harbor_ships.jpg,99,1,1,ship,0.82,0.0331,686.8,548.2,680.5,536.7,712.2,523.9,717.3,536.8
harbor_ships.jpg,99,2,1,ship,0.685,0.0696,685.9,548.6,678.7,536.0,709.9,523.6,715.7,535.9
harbor_ships.jpg,99,4,1,ship,0.69,0.0599,687.3,548.1,679.0,535.7,711.3,520.7,715.6,535.5
harbor_ships.jpg,100,0,1,ship,0.815,0.0419,696.2,562.6,691.5,550.5,716.0,540.8,720.8,551.3
harbor_ships.jpg,100,1,1,ship,0.819,0.0256,695.9,562.7,689.9,551.7,716.1,541.2,720.3,550.2
harbor_ships.jpg,100,2,1,ship,0.743,0.0524,696.9,562.4,691.7,551.8,716.7,541.7,721.1,550.9
harbor_ships.jpg,100,4,1,ship,0.3,0.1523,699.1,563.9,692.4,551.7,718.8,540.4,724.1,551.3
harbor_ships.jpg,101,0,1,ship,0.706,0.0589,700.8,581.7,693.6,567.3,724.0,553.0,729.7,566.0
harbor_ships.jpg,101,1,1,ship,0.494,0.0985,702.6,580.3,696.4,568.5,727.7,552.9,734.1,568.1
harbor_ships.jpg,101,2,1,ship,0.823,0.0351,702.0,582.0,694.3,567.7,723.7,554.4,731.2,566.6
harbor_ships.jpg,101,3,1,ship,0.703,0.0565,702.1,581.6,694.2,566.0,726.4,552.5,732.5,565.7
harbor_ships.jpg,101,4,1,ship,0.508,0.0867,701.0,583.9,692.9,569.1,724.2,555.3,730.0,567.5
harbor_ships.jpg,102,1,1,ship,0.544,0.0966,707.0,598.3,700.3,585.4,732.1,568.3,740.1,581.7
harbor_ships.jpg,102,2,1,ship,0.699,0.0564,708.6,598.1,702.4,587.7,734.4,569.2,743.4,580.3
harbor_ships.jpg,102,3,1,ship,0.845,0.0439,706.4,599.2,702.0,587.1,733.9,569.9,740.9,581.6
harbor_ships.jpg,102,4,1,ship,0.675,0.0583,708.2,597.0,701.3,585.2,734.8,569.6,742.5,581.3
harbor_ships.jpg,103,0,1,ship,0.755,0.044,679.5,557.7,668.3,563.5,653.7,529.8,662.7,526.2
harbor_ships.jpg,103,1,1,ship,0.784,0.0507,679.7,557.7,667.6,562.2,653.0,531.5,663.0,528.8
harbor_ships.jpg,103,2,1,ship,0.663,0.057,679.3,556.1,668.2,562.5,653.9,529.5,664.4,526.3
harbor_ships.jpg,103,3,1,ship,0.804,0.041,679.6,557.0,668.5,563.4,652.1,530.3,663.7,528.0
harbor_ships.jpg,103,4,1,ship,0.61,0.0822,680.7,557.3,670.3,564.2,654.0,531.5,664.4,526.8
harbor_ships.jpg,104,0,1,ship,0.76,0.0372,654.6,513.8,642.6,518.8,626.9,488.6,637.8,481.8
harbor_ships.jpg,104,2,1,ship,0.574,0.0813,655.0,513.4,644.4,520.2,627.5,490.2,640.1,483.5
harbor_ships.jpg,104,3,1,ship,0.747,0.0469,653.4,512.4,643.3,518.5,626.2,488.3,637.3,481.4
harbor_ships.jpg,104,4,1,ship,0.738,0.0548,654.9,513.0,643.5,519.6,626.0,489.7,638.2,482.8
harbor_ships.jpg,105,1,1,ship,0.815,0.0353,630.5,461.8,621.6,465.3,604.4,438.6,614.4,433.4
harbor_ships.jpg,105,2,1,ship,0.708,0.05,630.6,461.4,619.5,466.6,603.0,439.5,614.9,433.6
harbor_ships.jpg,105,3,1,ship,0.586,0.0765,632.1,461.7,622.0,465.6,605.9,438.8,617.0,434.0
harbor_ships.jpg,105,4,1,ship,0.45,0.1161,630.6,459.8,621.2,462.8,604.4,437.4,615.4,431.9
harbor_ships.jpg,106,0,1,ship,0.665,0.0731,585.8,396.2,577.3,398.9,564.9,378.5,574.7,374.0
harbor_ships.jpg,106,1,1,ship,0.842,0.0253,587.9,395.7,579.3,400.1,565.1,377.9,576.3,374.1
harbor_ships.jpg,106,3,1,ship,0.578,0.084,587.4,395.2,579.7,398.2,566.0,377.0,577.2,373.1
harbor_ships.jpg,106,4,1,ship,0.545,0.0916,589.0,395.8,580.5,399.8,566.8,377.5,576.8,373.5
harbor_ships.jpg,107,0,1,ship,0.382,0.1179,180.1,105.8,192.2,108.5,187.2,133.4,175.5,130.8
harbor_ships.jpg,107,1,1,ship,0.771,0.0495,181.1,103.9,193.2,106.4,186.8,131.8,175.0,127.2
harbor_ships.jpg,107,2,1,ship,0.865,0.028,180.9,104.3,194.8,107.2,188.3,131.7,175.5,128.2
harbor_ships.jpg,107,3,1,ship,0.796,0.0408,179.9,103.5,193.8,107.0,187.7,131.9,175.0,127.2
harbor_ships.jpg,107,4,1,ship,0.618,0.0735,180.7,102.8,194.2,106.2,187.7,131.2,175.9,125.4
harbor_ships.jpg,108,0,1,ship,0.765,0.0501,188.8,76.9,201.4,78.0,193.2,103.4,183.0,99.7
harbor_ships.jpg,108,1,1,ship,0.436,0.1189,189.5,73.7,202.4,76.6,192.1,101.1,182.5,97.9
harbor_ships.jpg,108,3,1,ship,0.411,0.1138,191.5,76.3,203.1,79.6,194.5,104.7,186.3,99.6
harbor_ships.jpg,108,4,1,ship,0.752,0.0503,189.5,77.5,200.9,78.1,192.9,102.9,183.6,99.4
harbor_ships.jpg,109,0,1,ship,0.832,0.0322,198.0,42.7,209.6,47.2,200.5,76.5,188.0,72.1
harbor_ships.jpg,109,1,1,ship,0.571,0.0811,196.6,41.4,208.1,46.6,198.5,75.9,187.1,71.8
harbor_ships.jpg,109,3,1,ship,0.583,0.0817,199.3,44.3,208.8,48.5,201.2,78.3,189.2,73.7
harbor_ships.jpg,109,4,1,ship,0.786,0.0384,198.8,41.8,209.0,48.0,199.9,76.6,187.8,73.0
