image,class_id,class_name,x1,y1,x2,y2,x3,y3,x4,y4,cx,cy,w,h,angle_deg
harbor_ships.jpg,1,ship,833.0,536.0,834.0,517.0,893.0,517.0,893.0,537.0,863.2,526.5,60.0,20.0,1.0
harbor_ships.jpg,1,ship,838.0,462.0,837.0,445.0,892.0,445.0,891.0,464.0,864.5,454.5,55.0,19.0,0.0
harbor_ships.jpg,1,ship,832.0,438.0,832.0,419.0,890.0,422.0,889.0,440.0,860.5,430.0,58.1,19.0,3.0
harbor_ships.jpg,1,ship,835.0,413.0,836.0,394.0,891.0,396.0,890.0,413.0,863.0,404.5,55.3,19.0,2.1
harbor_ships.jpg,1,ship,834.0,391.0,835.0,371.0,894.0,374.0,893.0,392.0,864.0,382.5,59.1,20.0,2.9
harbor_ships.jpg,1,ship,841.0,345.0,840.0,326.0,895.0,327.0,895.0,347.0,867.5,336.5,55.4,20.0,1.0
harbor_ships.jpg,1,ship,893.0,286.0,892.0,303.0,839.0,301.0,840.0,283.0,866.0,293.5,53.1,18.0,3.2
harbor_ships.jpg,1,ship,843.0,278.0,842.0,264.0,895.0,265.0,894.0,280.0,868.4,272.0,53.0,15.0,1.1
harbor_ships.jpg,1,ship,843.0,256.0,843.0,240.0,896.0,244.0,895.0,258.0,868.9,249.9,53.2,16.0,4.1
harbor_ships.jpg,1,ship,843.0,235.0,843.0,218.0,897.0,221.0,896.0,238.0,869.5,228.0,54.1,17.0,3.2
harbor_ships.jpg,1,ship,843.0,214.0,844.0,197.0,899.0,200.0,900.0,216.0,871.8,206.5,57.0,17.0,2.0
harbor_ships.jpg,1,ship,897.0,177.0,895.0,191.0,838.0,191.0,838.0,175.0,867.2,184.0,59.0,16.0,1.9
harbor_ships.jpg,1,ship,841.0,171.0,841.0,155.0,889.0,156.0,889.0,172.0,865.0,163.5,48.3,16.0,1.2
harbor_ships.jpg,1,ship,903.0,134.0,902.0,151.0,842.0,151.0,843.0,133.0,872.5,142.5,60.7,18.0,1.0
harbor_ships.jpg,1,ship,840.0,129.0,840.0,112.0,897.0,113.0,895.0,128.0,868.5,120.5,57.0,17.0,0.0
harbor_ships.jpg,1,ship,847.0,108.0,847.0,91.0,903.0,92.0,903.0,108.0,875.0,99.5,56.0,17.0,0.0
harbor_ships.jpg,1,ship,844.0,88.0,843.0,66.0,906.0,69.0,904.0,90.0,874.0,78.5,63.1,21.9,2.7
harbor_ships.jpg,1,ship,899.0,48.0,898.0,67.0,844.0,66.0,844.0,47.0,871.3,57.0,55.0,19.0,1.0
harbor_ships.jpg,1,ship,843.0,45.0,844.0,27.0,899.0,30.0,898.0,46.0,871.0,37.5,55.1,18.0,3.1
harbor_ships.jpg,1,ship,582.0,87.0,601.0,96.0,579.0,138.0,559.0,130.0,580.0,113.0,49.6,21.4,-62.4
harbor_ships.jpg,1,ship,633.0,200.0,623.0,215.0,571.0,185.0,581.0,170.0,602.0,192.5,61.2,18.0,30.0
harbor_ships.jpg,1,ship,645.0,178.0,634.0,195.0,581.0,164.0,593.0,148.0,613.0,171.0,62.3,20.2,30.3
harbor_ships.jpg,1,ship,838.0,486.0,839.0,468.0,893.0,470.0,893.0,487.0,865.7,477.5,55.0,18.0,1.0
harbor_ships.jpg,1,ship,897.0,543.0,896.0,562.0,837.0,559.0,838.0,542.0,867.0,551.0,59.1,19.0,2.9
harbor_ships.jpg,1,ship,683.0,100.0,673.0,115.0,620.0,89.0,631.0,72.0,651.5,94.5,60.7,20.2,28.3
harbor_ships.jpg,1,ship,893.0,566.0,893.0,583.0,834.0,582.0,835.0,565.0,863.6,574.0,59.0,17.0,1.0
harbor_ships.jpg,1,ship,782.0,507.0,782.0,494.0,820.0,495.0,820.0,508.0,801.0,501.0,38.4,13.0,1.5
harbor_ships.jpg,1,ship,825.0,472.0,825.0,490.0,782.0,490.0,782.0,472.0,803.5,481.0,43.0,18.0,0.0
harbor_ships.jpg,1,ship,827.0,403.0,827.0,424.0,772.0,422.0,772.0,400.0,799.5,412.0,55.8,22.0,2.1
harbor_ships.jpg,1,ship,826.0,381.0,825.0,399.0,774.0,398.0,773.0,380.0,799.3,389.5,53.0,18.0,1.1
harbor_ships.jpg,1,ship,829.0,356.0,830.0,377.0,769.0,376.0,769.0,353.0,799.5,365.0,61.4,23.0,0.9
harbor_ships.jpg,1,ship,830.0,333.0,830.0,352.0,771.0,350.0,772.0,330.0,801.0,341.5,59.0,20.0,2.9
harbor_ships.jpg,1,ship,768.0,327.0,768.0,306.0,829.0,308.0,829.0,328.0,798.5,317.0,61.4,21.0,0.9
harbor_ships.jpg,1,ship,823.0,288.0,822.0,303.0,772.0,301.0,773.0,285.0,797.5,294.5,50.1,16.0,3.4
harbor_ships.jpg,1,ship,829.0,262.0,827.0,283.0,770.0,281.0,770.0,260.0,799.1,271.5,59.0,21.1,1.9
harbor_ships.jpg,1,ship,829.0,241.0,829.0,258.0,759.0,256.0,759.0,237.0,794.0,247.5,70.6,19.0,1.6
harbor_ships.jpg,1,ship,828.0,218.0,828.0,237.0,771.0,236.0,771.0,215.0,799.5,226.0,57.4,21.0,1.0
harbor_ships.jpg,1,ship,828.0,197.0,828.0,212.0,774.0,212.0,774.0,194.0,801.0,203.0,54.0,18.0,0.0
harbor_ships.jpg,1,ship,769.0,189.0,770.0,168.0,832.0,173.0,831.0,192.0,800.5,180.0,62.2,21.0,2.8
harbor_ships.jpg,1,ship,832.0,152.0,831.0,169.0,782.0,168.0,782.0,151.0,806.8,160.0,50.0,17.0,1.1
harbor_ships.jpg,1,ship,836.0,98.0,835.0,108.0,801.0,105.0,801.0,97.0,818.4,102.5,35.0,10.0,1.6
harbor_ships.jpg,1,ship,835.0,112.0,835.0,127.0,791.0,124.0,791.0,110.0,813.0,118.5,44.7,15.0,2.6
harbor_ships.jpg,1,ship,835.0,131.0,836.0,149.0,778.0,148.0,778.0,132.0,807.0,140.0,58.0,18.0,0.0
harbor_ships.jpg,1,ship,830.0,620.0,831.0,600.0,902.0,604.0,901.0,624.0,866.0,612.0,71.2,20.0,3.2
harbor_ships.jpg,1,ship,608.0,117.0,616.0,102.0,669.0,128.0,658.0,142.0,638.5,122.5,59.5,17.4,26.6
harbor_ships.jpg,1,ship,632.0,70.0,643.0,53.0,690.0,77.0,679.0,94.0,661.0,73.5,54.8,20.1,27.1
harbor_ships.jpg,1,ship,374.0,36.0,380.0,16.0,427.0,30.0,422.0,48.0,400.7,33.0,49.4,20.9,16.6
harbor_ships.jpg,1,ship,197.0,159.0,202.0,144.0,248.0,157.0,243.0,170.0,222.5,158.0,48.5,15.8,15.8
harbor_ships.jpg,1,ship,195.0,137.0,199.0,120.0,256.0,132.0,252.0,151.0,225.3,135.5,58.7,19.4,11.9
harbor_ships.jpg,1,ship,206.0,107.0,210.0,95.0,255.0,106.0,250.0,117.0,230.5,106.5,47.4,12.6,13.7
harbor_ships.jpg,1,ship,207.0,87.0,214.0,71.0,267.0,84.0,262.0,100.0,237.0,85.5,57.6,17.2,13.8
harbor_ships.jpg,1,ship,276.0,37.0,271.0,53.0,221.0,40.0,225.0,25.0,248.5,38.5,52.5,16.7,14.6
harbor_ships.jpg,1,ship,229.0,15.0,234.0,-3.0,284.0,11.0,279.0,28.0,256.5,13.0,51.9,18.7,15.6
harbor_ships.jpg,1,ship,438.0,6.0,433.0,25.0,382.0,12.0,388.0,-8.0,410.1,8.6,52.6,20.9,14.7
harbor_ships.jpg,1,ship,370.0,61.0,375.0,41.0,421.0,54.0,415.0,73.0,395.2,57.4,47.8,20.6,15.8
harbor_ships.jpg,1,ship,713.0,25.0,704.0,40.0,664.0,18.0,672.0,3.0,688.4,21.7,46.5,17.5,28.2
harbor_ships.jpg,1,ship,359.0,103.0,363.0,86.0,411.0,100.0,405.0,117.0,384.5,101.6,50.0,18.0,16.3
harbor_ships.jpg,1,ship,325.0,207.0,322.0,218.0,255.0,202.0,259.0,189.0,290.0,204.5,68.8,13.6,15.2
harbor_ships.jpg,1,ship,177.0,181.0,180.0,170.0,213.0,177.0,210.0,186.0,195.0,179.0,34.4,11.4,12.0
harbor_ships.jpg,1,ship,210.0,190.0,214.0,176.0,258.0,190.0,254.0,202.0,233.8,189.9,46.2,14.6,17.7
harbor_ships.jpg,1,ship,360.0,214.0,357.0,225.0,325.0,216.0,328.0,205.0,342.5,215.0,33.3,11.4,15.7
harbor_ships.jpg,1,ship,395.0,222.0,394.0,234.0,359.0,227.0,361.0,214.0,377.5,224.0,36.3,13.1,11.3
harbor_ships.jpg,1,ship,446.0,214.0,443.0,228.0,393.0,218.0,397.0,205.0,419.5,216.0,51.2,14.3,11.3
harbor_ships.jpg,1,ship,401.0,197.0,405.0,183.0,443.0,192.0,438.0,206.0,422.0,194.5,39.6,14.8,13.7
harbor_ships.jpg,1,ship,453.0,172.0,450.0,187.0,407.0,177.0,411.0,164.0,430.2,174.6,44.1,15.3,13.1
harbor_ships.jpg,1,ship,458.0,153.0,454.0,167.0,411.0,158.0,415.0,143.0,434.5,155.5,44.6,15.5,13.1
harbor_ships.jpg,1,ship,421.0,140.0,425.0,124.0,460.0,134.0,456.0,147.0,440.2,136.9,36.4,16.5,15.9
harbor_ships.jpg,1,ship,423.0,115.0,428.0,102.0,460.0,110.0,456.0,124.0,441.5,112.5,34.4,14.6,15.3
harbor_ships.jpg,1,ship,429.0,96.0,434.0,81.0,475.0,93.0,470.0,107.0,452.0,94.5,43.3,15.8,16.3
harbor_ships.jpg,1,ship,440.0,48.0,443.0,35.0,495.0,47.0,490.0,62.0,467.2,48.7,53.4,15.7,13.0
harbor_ships.jpg,1,ship,443.0,29.0,449.0,9.0,499.0,22.0,494.0,41.0,471.0,25.5,52.4,20.9,14.6
harbor_ships.jpg,1,ship,318.0,192.0,322.0,178.0,389.0,193.0,385.0,207.0,353.5,192.5,69.5,14.5,12.6
harbor_ships.jpg,1,ship,326.0,170.0,331.0,155.0,393.0,171.0,389.0,186.0,359.5,170.5,65.1,15.8,14.5
harbor_ships.jpg,1,ship,326.0,147.0,333.0,129.0,400.0,147.0,394.0,164.0,363.0,147.0,71.5,19.2,15.0
harbor_ships.jpg,1,ship,883.0,307.0,883.0,323.0,837.0,322.0,838.0,307.0,860.2,314.5,46.0,16.0,1.2
harbor_ships.jpg,1,ship,1039.0,470.0,1039.0,488.0,986.0,487.0,987.0,468.0,1012.7,478.0,53.0,19.0,1.1
harbor_ships.jpg,1,ship,1035.0,407.0,1035.0,423.0,994.0,422.0,993.0,405.0,1014.0,414.0,42.4,17.0,1.4
harbor_ships.jpg,1,ship,1034.0,220.0,1034.0,232.0,998.0,232.0,999.0,220.0,1016.0,226.0,36.0,12.0,0.0
harbor_ships.jpg,1,ship,1033.0,492.0,1033.0,505.0,992.0,505.0,991.0,491.0,1012.0,498.0,42.0,14.0,0.0
harbor_ships.jpg,1,ship,1035.0,513.0,1034.0,525.0,995.0,526.0,994.0,512.0,1014.3,519.5,41.0,14.0,1.4
harbor_ships.jpg,1,ship,1000.0,545.0,999.0,531.0,1030.0,533.0,1030.0,547.0,1014.5,539.0,32.0,14.0,3.7
harbor_ships.jpg,1,ship,1037.0,552.0,1037.0,566.0,989.0,565.0,990.0,551.0,1013.1,558.5,48.0,14.0,1.2
harbor_ships.jpg,1,ship,966.0,624.0,966.0,604.0,1029.0,604.0,1029.0,623.0,997.5,614.0,63.0,20.0,0.0
harbor_ships.jpg,1,ship,982.0,586.0,982.0,570.0,1034.0,572.0,1034.0,587.0,1008.0,578.5,52.3,16.0,1.1
harbor_ships.jpg,7,harbor,771.0,14.0,899.0,21.0,889.0,618.0,758.0,615.0,830.0,316.0,601.3,131.0,-88.8
harbor_ships.jpg,7,harbor,572.0,371.0,642.0,333.0,766.0,594.0,708.0,623.0,675.5,478.9,288.6,79.6,61.6
harbor_ships.jpg,7,harbor,692.0,-74.0,762.0,-37.0,623.0,215.0,558.0,173.0,657.8,69.9,287.8,79.2,-61.1
harbor_ships.jpg,7,harbor,384.0,-13.0,503.0,16.0,452.0,225.0,332.0,192.0,417.1,105.8,215.1,124.4,-76.3
harbor_ships.jpg,7,harbor,236.0,-61.0,299.0,-44.0,246.0,174.0,181.0,155.0,241.0,56.5,225.3,67.7,-75.7
harbor_ships.jpg,1,ship,604.0,379.0,595.0,361.0,638.0,336.0,651.0,356.0,622.3,357.1,52.3,23.7,-26.6
harbor_ships.jpg,1,ship,634.0,367.0,638.0,377.0,610.0,391.0,604.0,380.0,621.5,379.2,32.7,12.5,-23.4
harbor_ships.jpg,1,ship,613.0,409.0,607.0,397.0,640.0,383.0,645.0,395.0,626.1,396.2,35.8,13.4,-23.0
harbor_ships.jpg,1,ship,622.0,423.0,617.0,411.0,649.0,400.0,654.0,412.0,635.5,411.5,34.7,13.0,-19.0
harbor_ships.jpg,1,ship,632.0,441.0,625.0,428.0,656.0,412.0,662.0,425.0,643.9,426.6,34.9,14.8,-27.3
harbor_ships.jpg,1,ship,642.0,454.0,636.0,442.0,663.0,431.0,669.0,443.0,652.5,442.5,30.2,13.4,-22.2
harbor_ships.jpg,1,ship,673.0,443.0,678.0,457.0,648.0,471.0,641.0,458.0,660.1,457.2,35.3,14.8,-25.1
harbor_ships.jpg,1,ship,663.0,503.0,656.0,489.0,684.0,475.0,691.0,490.0,673.3,489.1,31.3,16.6,-25.0
harbor_ships.jpg,1,ship,673.0,517.0,666.0,503.0,695.0,491.0,701.0,506.0,683.6,504.5,31.4,16.2,-22.5
harbor_ships.jpg,1,ship,678.0,532.0,672.0,519.0,702.0,507.0,707.0,520.0,689.7,519.6,32.3,14.3,-21.8
harbor_ships.jpg,1,ship,687.0,548.0,680.0,536.0,712.0,523.0,717.0,536.0,698.6,536.0,34.5,13.9,-22.1
harbor_ships.jpg,1,ship,696.0,563.0,690.0,552.0,716.0,541.0,721.0,551.0,705.5,551.5,28.4,12.5,-25.6
harbor_ships.jpg,1,ship,702.0,582.0,694.0,568.0,725.0,553.0,732.0,567.0,713.0,567.5,34.4,16.1,-26.6
harbor_ships.jpg,1,ship,708.0,599.0,702.0,587.0,735.0,570.0,742.0,582.0,721.9,584.3,38.0,13.9,-26.6
harbor_ships.jpg,1,ship,679.0,557.0,668.0,563.0,653.0,531.0,663.0,527.0,666.2,544.3,35.3,12.5,64.9
harbor_ships.jpg,1,ship,654.0,513.0,643.0,519.0,627.0,488.0,639.0,482.0,640.8,500.6,34.9,13.4,63.4
harbor_ships.jpg,1,ship,631.0,462.0,621.0,466.0,604.0,439.0,615.0,434.0,617.5,450.5,33.4,12.0,60.3
harbor_ships.jpg,1,ship,587.0,396.0,579.0,400.0,565.0,378.0,576.0,374.0,576.0,387.0,25.9,11.6,63.4
harbor_ships.jpg,1,ship,181.0,104.0,194.0,107.0,188.0,132.0,176.0,128.0,184.5,117.9,25.7,13.3,-76.5
harbor_ships.jpg,1,ship,190.0,76.0,202.0,78.0,193.0,103.0,184.0,100.0,192.1,88.7,26.6,12.0,-71.6
harbor_ships.jpg,1,ship,198.0,43.0,209.0,47.0,200.0,77.0,188.0,73.0,199.0,60.0,31.6,12.6,-71.6
tennis_courts.jpg,10,small vehicle,170.0,504.0,154.0,513.0,136.0,479.0,152.0,469.0,153.0,491.0,39.8,18.8,62.1
tennis_courts.jpg,10,small vehicle,283.0,184.0,267.0,193.0,251.0,160.0,268.0,150.0,267.5,171.5,38.3,19.7,64.1
tennis_courts.jpg,10,small vehicle,285.0,329.0,270.0,339.0,253.0,309.0,267.0,299.0,268.5,319.0,35.8,18.0,59.0
tennis_courts.jpg,10,small vehicle,188.0,231.0,173.0,237.0,164.0,211.0,178.0,205.0,175.5,221.0,28.1,16.2,69.0
tennis_courts.jpg,14,swimming pool,519.0,166.0,706.0,173.0,699.0,306.0,511.0,296.0,608.5,234.5,188.3,133.2,3.0
tennis_courts.jpg,4,tennis court,836.0,221.0,922.0,227.0,911.0,406.0,828.0,401.0,873.5,313.6,180.2,86.2,-86.5
tennis_courts.jpg,4,tennis court,925.0,559.0,1011.0,563.0,1002.0,745.0,913.0,739.0,962.0,651.8,182.2,89.2,-87.2
tennis_courts.jpg,4,tennis court,790.0,519.0,874.0,523.0,865.0,704.0,779.0,700.0,826.5,611.5,181.5,86.1,-87.2
tennis_courts.jpg,4,tennis court,652.0,510.0,737.0,516.0,727.0,696.0,641.0,690.0,689.5,603.0,181.1,86.2,-86.5
tennis_courts.jpg,4,tennis court,513.0,529.0,599.0,534.0,589.0,715.0,503.0,709.0,551.0,622.0,181.5,86.2,-86.8
tennis_courts.jpg,4,tennis court,375.0,522.0,462.0,528.0,452.0,707.0,365.0,700.0,413.5,614.5,180.4,87.3,-86.8
tennis_courts.jpg,4,tennis court,230.0,662.0,315.0,667.0,305.0,848.0,220.0,841.0,267.5,755.0,181.5,85.3,-86.8
tennis_courts.jpg,4,tennis court,95.0,654.0,180.0,660.0,169.0,840.0,82.0,835.0,131.8,747.6,181.5,87.1,-86.0