image,object_id,model,class_id,class_name,score,label_error,cx,cy,w,h,angle_deg
tennis_courts.jpg,0,2,10,small vehicle,0.547,0.0904,154.0,488.9,37.7,18.9,61.2
tennis_courts.jpg,0,3,10,small vehicle,0.714,0.0601,152.1,492.0,41.0,18.8,65.5
tennis_courts.jpg,0,4,10,small vehicle,0.758,0.0473,152.1,491.4,38.3,19.5,62.0
tennis_courts.jpg,1,0,10,small vehicle,0.527,0.0921,268.1,171.9,38.9,20.0,70.5
tennis_courts.jpg,1,1,10,small vehicle,0.762,0.0425,266.9,170.6,39.2,20.6,63.8
tennis_courts.jpg,1,2,10,small vehicle,0.752,0.0509,266.6,172.2,39.4,20.1,62.1
tennis_courts.jpg,1,3,10,small vehicle,0.813,0.0378,267.6,171.7,39.6,19.9,66.1
tennis_courts.jpg,1,4,10,small vehicle,0.747,0.0467,267.8,172.2,36.1,19.4,62.7
tennis_courts.jpg,2,0,10,small vehicle,0.618,0.0806,269.5,317.3,35.3,18.1,60.8
tennis_courts.jpg,2,1,10,small vehicle,0.771,0.0381,269.3,318.6,35.1,18.6,58.4
tennis_courts.jpg,2,3,10,small vehicle,0.659,0.0656,267.3,318.1,36.5,18.1,61.1
tennis_courts.jpg,3,0,10,small vehicle,0.794,0.0385,174.9,220.7,27.7,15.4,70.5
tennis_courts.jpg,3,1,10,small vehicle,0.876,0.0223,175.5,221.4,28.6,16.6,68.7
tennis_courts.jpg,3,2,10,small vehicle,0.632,0.0761,175.4,219.6,26.5,15.3,66.0
tennis_courts.jpg,3,3,10,small vehicle,0.676,0.0592,174.7,220.7,29.6,16.0,71.2
tennis_courts.jpg,3,4,10,small vehicle,0.627,0.0772,175.3,220.2,27.7,16.7,63.8
tennis_courts.jpg,4,0,14,swimming pool,0.743,0.0525,610.0,234.6,200.4,131.9,-0.1
tennis_courts.jpg,4,1,14,swimming pool,0.605,0.0718,609.9,243.1,194.6,135.1,7.4
tennis_courts.jpg,4,2,14,swimming pool,0.736,0.0514,604.4,228.6,185.4,125.9,4.9
tennis_courts.jpg,4,3,14,swimming pool,0.61,0.0954,599.2,228.1,190.7,137.7,9.0
tennis_courts.jpg,4,4,14,swimming pool,0.63,0.0716,611.1,228.2,172.2,134.6,0.6
tennis_courts.jpg,5,0,4,tennis court,0.793,0.052,872.7,308.4,168.1,84.5,-86.7
tennis_courts.jpg,5,1,4,tennis court,0.69,0.0576,874.1,318.5,176.6,82.1,-89.4
tennis_courts.jpg,5,2,4,tennis court,0.549,0.0924,884.1,309.5,186.2,83.1,-83.7
tennis_courts.jpg,5,3,4,tennis court,0.832,0.0262,872.7,313.4,175.5,87.7,-87.9
tennis_courts.jpg,5,4,4,tennis court,0.664,0.069,867.1,314.5,191.6,86.8,-86.9
tennis_courts.jpg,6,0,4,tennis court,0.632,0.0835,964.2,659.6,183.5,84.8,88.7
tennis_courts.jpg,6,1,4,tennis court,0.596,0.0755,970.8,650.9,179.4,94.4,89.5
tennis_courts.jpg,6,2,4,tennis court,0.886,0.0313,965.3,649.8,182.2,88.6,-86.2
tennis_courts.jpg,6,3,4,tennis court,0.62,0.0688,962.5,655.1,167.3,89.0,-89.7
tennis_courts.jpg,7,0,4,tennis court,0.882,0.0317,826.7,609.1,179.1,89.6,-85.6
tennis_courts.jpg,7,2,4,tennis court,0.822,0.0291,825.7,608.0,179.9,86.9,-86.7
tennis_courts.jpg,7,3,4,tennis court,0.561,0.0862,827.0,612.6,199.8,92.6,-89.8
tennis_courts.jpg,7,4,4,tennis court,0.647,0.0666,819.2,608.5,183.8,90.3,-89.4
tennis_courts.jpg,8,0,4,tennis court,0.449,0.1014,700.6,600.4,174.7,85.9,88.2
tennis_courts.jpg,8,1,4,tennis court,0.3,0.148,700.1,596.6,173.2,92.5,-77.8
tennis_courts.jpg,8,2,4,tennis court,0.748,0.055,687.7,604.7,193.6,82.8,-87.2
tennis_courts.jpg,8,3,4,tennis court,0.842,0.0299,691.7,601.1,180.1,81.5,-87.2
tennis_courts.jpg,9,0,4,tennis court,0.767,0.0422,556.1,622.8,184.1,86.4,-86.8
tennis_courts.jpg,9,3,4,tennis court,0.64,0.0675,552.6,621.5,196.7,91.6,-85.6
tennis_courts.jpg,9,4,4,tennis court,0.567,0.0922,545.4,628.0,183.4,87.9,88.0
tennis_courts.jpg,10,0,4,tennis court,0.614,0.0618,412.0,614.0,178.6,87.8,-82.4
tennis_courts.jpg,10,1,4,tennis court,0.638,0.0743,412.3,615.4,182.5,86.0,87.9
tennis_courts.jpg,10,2,4,tennis court,0.496,0.0945,422.2,606.8,186.6,86.2,-87.0
tennis_courts.jpg,10,3,4,tennis court,0.651,0.0725,411.8,621.0,184.6,93.3,-83.3
tennis_courts.jpg,10,4,4,tennis court,0.6,0.0758,422.3,616.7,186.4,86.3,-86.6
tennis_courts.jpg,11,0,4,tennis court,0.653,0.0599,267.9,760.8,187.0,91.5,-84.6
tennis_courts.jpg,11,1,4,tennis court,0.695,0.0567,267.2,749.2,177.7,90.5,-84.9
tennis_courts.jpg,11,2,4,tennis court,0.758,0.0553,262.5,755.2,172.7,83.0,-85.9
tennis_courts.jpg,11,3,4,tennis court,0.569,0.0959,270.5,743.6,183.7,85.5,-85.6
tennis_courts.jpg,12,0,4,tennis court,0.68,0.0703,139.2,749.5,187.6,85.1,-83.6
tennis_courts.jpg,12,1,4,tennis court,0.905,0.0181,133.0,748.8,183.5,84.1,-86.4
tennis_courts.jpg,12,2,4,tennis court,0.608,0.074,133.7,752.6,173.8,86.7,-81.6
tennis_courts.jpg,12,3,4,tennis court,0.713,0.0625,127.7,748.6,187.6,87.1,-82.0
tennis_courts.jpg,12,4,4,tennis court,0.51,0.1077,136.0,750.4,198.4,86.4,88.0
